Workbook
Name Kategorier: Inställningar!$A$2:$A$11
Name TotalInkomst: Översikt!$B$5
Name TotalUtgift: Översikt!$B$6
Name Netto: Översikt!$B$7

Sheet Översikt
A1: Månadsbudget – SEK
A3: Period | B3: =TEXT(TODAY(),"yyyy-mm")
A5: Total inkomst | B5: =Inkomst!C4
A6: Total utgift (budget) | B6: =SUM(Utgifter!D2:D61)
A7: Netto enligt budget | B7: =B5-B6
A8: Sparkvot | B8: =IFERROR(B7/B5,0)
A9: Faktiskt utgift hittills | B9: =SUM(Utgifter!E2:E61)
A10: Saldo på konton | B10: =Konton!B4
A12: Sparmål – framsteg
A13: Mål | B13: Sparat | C13: Mål | D13: Framsteg % | E13: Månader kvar | F13: Måldatum
A14: =Sparmål!A2 | B14: =Sparmål!C2 | C14: =Sparmål!B2 | D14: =Sparmål!H2 | E14: =Sparmål!F2 | F14: =Sparmål!G2
A15: =Sparmål!A3 | B15: =Sparmål!C3 | C15: =Sparmål!B3 | D15: =Sparmål!H3 | E15: =Sparmål!F3 | F15: =Sparmål!G3
A16: =Sparmål!A4 | B16: =Sparmål!C4 | C16: =Sparmål!B4 | D16: =Sparmål!H4 | E16: =Sparmål!F4 | F16: =Sparmål!G4
A17: =Sparmål!A5 | B17: =Sparmål!C5 | C17: =Sparmål!B5 | D17: =Sparmål!H5 | E17: =Sparmål!F5 | F17: =Sparmål!G5
A18: =Sparmål!A6 | B18: =Sparmål!C6 | C18: =Sparmål!B6 | D18: =Sparmål!H6 | E18: =Sparmål!F6 | F18: =Sparmål!G6
A19: =Sparmål!A7 | B19: =Sparmål!C7 | C19: =Sparmål!B7 | D19: =Sparmål!H7 | E19: =Sparmål!F7 | F19: =Sparmål!G7
A20: =Sparmål!A8 | B20: =Sparmål!C8 | C20: =Sparmål!B8 | D20: =Sparmål!H8 | E20: =Sparmål!F8 | F20: =Sparmål!G8
A21: =Sparmål!A9 | B21: =Sparmål!C9 | C21: =Sparmål!B9 | D21: =Sparmål!H9 | E21: =Sparmål!F9 | F21: =Sparmål!G9

Sheet Inställningar
A1: Kategorier | C1: Tips
A2: Boende | C2: Ändra eller lägg till kategorier ovan.
A3: Mat | C3: Dropdown-menyn på fliken Utgifter uppdateras automatiskt
A4: Transport | C4: om du utvidgar listan inom A2:A50.
A5: Nöje
A6: Räkningar
A7: Försäkring
A8: Prenumerationer
A9: Hälsa
A10: Kläder
A11: Övrigt

Sheet Inkomst
A1: Källa | B1: Budget (kr) | C1: Faktiskt (kr) | D1: Differens (kr)
A2: Lön efter skatt | B2: 27840 | C2: 27840 | D2: =C2-B2
A3: Övrig inkomst | B3: 0 | C3: 0 | D3: =C3-B3
A4: TOTALT | B4: =SUM(B2:B3) | C4: =SUM(C2:C3) | D4: =SUM(D2:D3)

Sheet Utgifter
A1: Datum | B1: Kategori | C1: Beskrivning | D1: Budget (kr) | E1: Faktiskt (kr) | F1: Differens (kr) | G1: Status | I1: Kategori | J1: Budget | K1: Faktiskt
B2: Boende | C2: Hyra | D2: 3914 | E2: 0 | F2: =IF(AND(D2=0,E2=0),"",D2-E2) | G2: =IF(AND(D2=0,E2=0),"",IF(E2>D2,"Över","OK")) | I2: Boende | J2: =SUMIF(B2:B61,I2,D2:D61) | K2: =SUMIF(B2:B61,I2,E2:E61)
B3: Räkningar | C3: El (fyll i) | D3: 0 | E3: 0 | F3: =IF(AND(D3=0,E3=0),"",D3-E3) | G3: =IF(AND(D3=0,E3=0),"",IF(E3>D3,"Över","OK")) | I3: Mat | J3: =SUMIF(B2:B61,I3,D2:D61) | K3: =SUMIF(B2:B61,I3,E2:E61)
B4: Räkningar | C4: Bredband / internet (fyll i) | D4: 0 | E4: 0 | F4: =IF(AND(D4=0,E4=0),"",D4-E4) | G4: =IF(AND(D4=0,E4=0),"",IF(E4>D4,"Över","OK")) | I4: Transport | J4: =SUMIF(B2:B61,I4,D2:D61) | K4: =SUMIF(B2:B61,I4,E2:E61)
B5: Räkningar | C5: Mobiltelefon (fyll i) | D5: 0 | E5: 0 | F5: =IF(AND(D5=0,E5=0),"",D5-E5) | G5: =IF(AND(D5=0,E5=0),"",IF(E5>D5,"Över","OK")) | I5: Nöje | J5: =SUMIF(B2:B61,I5,D2:D61) | K5: =SUMIF(B2:B61,I5,E2:E61)
B6: Försäkring | C6: Hemförsäkring (fyll i) | D6: 0 | E6: 0 | F6: =IF(AND(D6=0,E6=0),"",D6-E6) | G6: =IF(AND(D6=0,E6=0),"",IF(E6>D6,"Över","OK")) | I6: Räkningar | J6: =SUMIF(B2:B61,I6,D2:D61) | K6: =SUMIF(B2:B61,I6,E2:E61)
B7: Mat | C7: Matbudget | D7: 6200 | E7: 0 | F7: =IF(AND(D7=0,E7=0),"",D7-E7) | G7: =IF(AND(D7=0,E7=0),"",IF(E7>D7,"Över","OK")) | I7: Försäkring | J7: =SUMIF(B2:B61,I7,D2:D61) | K7: =SUMIF(B2:B61,I7,E2:E61)
B8: Transport | C8: Diesel | D8: 2750 | E8: 0 | F8: =IF(AND(D8=0,E8=0),"",D8-E8) | G8: =IF(AND(D8=0,E8=0),"",IF(E8>D8,"Över","OK")) | I8: Prenumerationer | J8: =SUMIF(B2:B61,I8,D2:D61) | K8: =SUMIF(B2:B61,I8,E2:E61)
B9: Transport | C9: Underhåll bil/mc | D9: 1000 | E9: 0 | F9: =IF(AND(D9=0,E9=0),"",D9-E9) | G9: =IF(AND(D9=0,E9=0),"",IF(E9>D9,"Över","OK")) | I9: Hälsa | J9: =SUMIF(B2:B61,I9,D2:D61) | K9: =SUMIF(B2:B61,I9,E2:E61)
B10: Transport | C10: Bilskatt (5639 kr/år ÷ 12) | D10: 470 | E10: 0 | F10: =IF(AND(D10=0,E10=0),"",D10-E10) | G10: =IF(AND(D10=0,E10=0),"",IF(E10>D10,"Över","OK")) | I10: Kläder | J10: =SUMIF(B2:B61,I10,D2:D61) | K10: =SUMIF(B2:B61,I10,E2:E61)
B11: Försäkring | C11: Bilförsäkring | D11: 416 | E11: 0 | F11: =IF(AND(D11=0,E11=0),"",D11-E11) | G11: =IF(AND(D11=0,E11=0),"",IF(E11>D11,"Över","OK")) | I11: Övrigt | J11: =SUMIF(B2:B61,I11,D2:D61) | K11: =SUMIF(B2:B61,I11,E2:E61)
B12: Försäkring | C12: A-kassa | D12: 160 | E12: 0 | F12: =IF(AND(D12=0,E12=0),"",D12-E12) | G12: =IF(AND(D12=0,E12=0),"",IF(E12>D12,"Över","OK"))
B13: Prenumerationer | C13: Spotify | D13: 129 | E13: 0 | F13: =IF(AND(D13=0,E13=0),"",D13-E13) | G13: =IF(AND(D13=0,E13=0),"",IF(E13>D13,"Över","OK"))
B14: Prenumerationer | C14: Apple | D14: 39 | E14: 0 | F14: =IF(AND(D14=0,E14=0),"",D14-E14) | G14: =IF(AND(D14=0,E14=0),"",IF(E14>D14,"Över","OK"))
B15: Prenumerationer | C15: Google | D15: 40 | E15: 0 | F15: =IF(AND(D15=0,E15=0),"",D15-E15) | G15: =IF(AND(D15=0,E15=0),"",IF(E15>D15,"Över","OK"))
B16: Prenumerationer | C16: Soundcloud | D16: 75 | E16: 0 | F16: =IF(AND(D16=0,E16=0),"",D16-E16) | G16: =IF(AND(D16=0,E16=0),"",IF(E16>D16,"Över","OK"))
B17: Prenumerationer | C17: Claude Max | D17: 1300 | E17: 0 | F17: =IF(AND(D17=0,E17=0),"",D17-E17) | G17: =IF(AND(D17=0,E17=0),"",IF(E17>D17,"Över","OK"))
B18: Prenumerationer | C18: Systeme.io | D18: 160 | E18: 0 | F18: =IF(AND(D18=0,E18=0),"",D18-E18) | G18: =IF(AND(D18=0,E18=0),"",IF(E18>D18,"Över","OK"))
B19: Hälsa | C19: Linser | D19: 500 | E19: 0 | F19: =IF(AND(D19=0,E19=0),"",D19-E19) | G19: =IF(AND(D19=0,E19=0),"",IF(E19>D19,"Över","OK"))
B20: Kläder | C20: Kläder och övriga utgifter | D20: 0 | E20: 0 | F20: =IF(AND(D20=0,E20=0),"",D20-E20) | G20: =IF(AND(D20=0,E20=0),"",IF(E20>D20,"Över","OK"))
F21: =IF(AND(D21=0,E21=0),"",D21-E21) | G21: =IF(AND(D21=0,E21=0),"",IF(E21>D21,"Över","OK"))
F22: =IF(AND(D22=0,E22=0),"",D22-E22) | G22: =IF(AND(D22=0,E22=0),"",IF(E22>D22,"Över","OK"))
F23: =IF(AND(D23=0,E23=0),"",D23-E23) | G23: =IF(AND(D23=0,E23=0),"",IF(E23>D23,"Över","OK"))
F24: =IF(AND(D24=0,E24=0),"",D24-E24) | G24: =IF(AND(D24=0,E24=0),"",IF(E24>D24,"Över","OK"))
F25: =IF(AND(D25=0,E25=0),"",D25-E25) | G25: =IF(AND(D25=0,E25=0),"",IF(E25>D25,"Över","OK"))
F26: =IF(AND(D26=0,E26=0),"",D26-E26) | G26: =IF(AND(D26=0,E26=0),"",IF(E26>D26,"Över","OK"))
F27: =IF(AND(D27=0,E27=0),"",D27-E27) | G27: =IF(AND(D27=0,E27=0),"",IF(E27>D27,"Över","OK"))
F28: =IF(AND(D28=0,E28=0),"",D28-E28) | G28: =IF(AND(D28=0,E28=0),"",IF(E28>D28,"Över","OK"))
F29: =IF(AND(D29=0,E29=0),"",D29-E29) | G29: =IF(AND(D29=0,E29=0),"",IF(E29>D29,"Över","OK"))
F30: =IF(AND(D30=0,E30=0),"",D30-E30) | G30: =IF(AND(D30=0,E30=0),"",IF(E30>D30,"Över","OK"))
F31: =IF(AND(D31=0,E31=0),"",D31-E31) | G31: =IF(AND(D31=0,E31=0),"",IF(E31>D31,"Över","OK"))
F32: =IF(AND(D32=0,E32=0),"",D32-E32) | G32: =IF(AND(D32=0,E32=0),"",IF(E32>D32,"Över","OK"))
... F61: =IF(AND(D61=0,E61=0),"",D61-E61) | G61: =IF(AND(D61=0,E61=0),"",IF(E61>D61,"Över","OK"))
A62: TOTALT | D62: =SUM(D2:D61) | E62: =SUM(E2:E61) | F62: =SUM(D2:D61)-SUM(E2:E61)

Sheet Sparmål
A1: Mål | B1: Målbelopp (kr) | C1: Sparat hittills (kr) | D1: Månadsinsättning (kr) | E1: Återstår (kr) | F1: Månader kvar | G1: Måldatum | H1: Framsteg %
A2: Buffert | B2: 60000 | C2: 34000 | D2: 0 | E2: =IF(B2="","",MAX(0,B2-C2)) | F2: =IFERROR(IF(D2>0,CEILING(E2/D2,1),""),"") | G2: =IFERROR(EDATE(TODAY(),F2),"") | H2: =IFERROR(MIN(1,C2/B2),0)
A3: Snöskoter | B3: 40000 | C3: 0 | D3: 0 | E3: =IF(B3="","",MAX(0,B3-C3)) | F3: =IFERROR(IF(D3>0,CEILING(E3/D3,1),""),"") | G3: =IFERROR(EDATE(TODAY(),F3),"") | H3: =IFERROR(MIN(1,C3/B3),0)
E4: =IF(B4="","",MAX(0,B4-C4)) | F4: =IFERROR(IF(D4>0,CEILING(E4/D4,1),""),"") | G4: =IFERROR(EDATE(TODAY(),F4),"") | H4: =IFERROR(MIN(1,C4/B4),0)
E5: =IF(B5="","",MAX(0,B5-C5)) | F5: =IFERROR(IF(D5>0,CEILING(E5/D5,1),""),"") | G5: =IFERROR(EDATE(TODAY(),F5),"") | H5: =IFERROR(MIN(1,C5/B5),0)
E6: =IF(B6="","",MAX(0,B6-C6)) | F6: =IFERROR(IF(D6>0,CEILING(E6/D6,1),""),"") | G6: =IFERROR(EDATE(TODAY(),F6),"") | H6: =IFERROR(MIN(1,C6/B6),0)
E7: =IF(B7="","",MAX(0,B7-C7)) | F7: =IFERROR(IF(D7>0,CEILING(E7/D7,1),""),"") | G7: =IFERROR(EDATE(TODAY(),F7),"") | H7: =IFERROR(MIN(1,C7/B7),0)
E8: =IF(B8="","",MAX(0,B8-C8)) | F8: =IFERROR(IF(D8>0,CEILING(E8/D8,1),""),"") | G8: =IFERROR(EDATE(TODAY(),F8),"") | H8: =IFERROR(MIN(1,C8/B8),0)
E9: =IF(B9="","",MAX(0,B9-C9)) | F9: =IFERROR(IF(D9>0,CEILING(E9/D9,1),""),"") | G9: =IFERROR(EDATE(TODAY(),F9),"") | H9: =IFERROR(MIN(1,C9/B9),0)

Sheet Konton
A1: Konto | B1: Saldo (kr) | C1: Anteckning
A2: Sparkonto | B2: 34000 | C2: Behöver tas pengar härifrån denna månad
A3: Allkonto | B3: 2600
A4: TOTALT | B4: =SUM(B2:B3)
